date	tests_failed	ball_right	ball_of	pass_err	poss_err
2026-09-28	0	21	34	17	13
2026-09-28	0	21	34	17	13
2026-09-29	0	21	34	17	13
2026-10-01	0	21	34	15	8
2026-10-01	0	21	34	15	8
2026-10-02	0	22	34	15	8
2026-10-02	0	22	34	15	8
2026-10-03	0	22	34	15	8
2026-10-03	0	22	34	15	8
2026-10-04	0	22	34	15	8
2026-10-04	0	22	34	15	8
2026-10-05	0	22	34	15	8
2026-10-05	0	22	34	15	8
2026-10-06	0	22	34	15	8
2026-10-06	0	22	34	15	8
2026-10-07	0	22	34	15	8
2026-10-08	0	22	34	15	8
2026-10-08	0	22	34	15	8
2026-10-09	0	22	34	15	8
2026-10-09	0	22	34	15	8
2026-10-10	0	22	34	15	8
2026-10-10	0	22	34	15	8
