epoch,step,train/cardinality_error,train/cardinality_error_0,train/cardinality_error_1,train/cardinality_error_enc,train/class_error,train/loss,train/loss_bbox,train/loss_bbox_aux,train/loss_ce,train/loss_ce_aux,train/loss_giou,train/loss_giou_aux,train/lr,train/lr_max,train/lr_min,val/F1,val/ema_mAP_50,val/ema_mAP_50_95,val/ema_mAP_75,val/ema_mAR,val/mAP_50,val/mAP_50_95,val/mAP_75,val/mAR,val/precision,val/recall
0,49,,,,,,,,,,,,,9.999052417697385e-05,9.999052417697385e-05,3.232257995477994e-06,,,,,,,,,,,
0,99,,,,,,,,,,,,,9.996133303502575e-05,9.996133303502575e-05,3.2313143947249046e-06,,,,,,,,,,,
0,149,,,,,,,,,,,,,9.991243132390082e-05,9.991243132390082e-05,3.2297334655595478e-06,,,,,,,,,,,
0,199,,,,,,,,,,,,,9.98438335955143e-05,9.98438335955143e-05,3.2275161174766254e-06,,,,,,,,,,,
0,249,,,,,,,,,,,,,9.975556895369664e-05,9.975556895369664e-05,3.2246628052234882e-06,,,,,,,,,,,
0,299,,,,,,,,,,,,,9.964768105419353e-05,9.964768105419353e-05,3.2211751204158645e-06,,,,,,,,,,,
0,349,,,,,,,,,,,,,9.952019900083542e-05,9.952019900083542e-05,3.2170541999221314e-06,,,,,,,,,,,
0,399,,,,,,,,,,,,,9.937318100128323e-05,9.937318100128323e-05,3.2123018627316924e-06,,,,,,,,,,,
0,449,,,,,,,,,,,,,9.920668526319787e-05,9.920668526319787e-05,3.2069197004602756e-06,,,,,,,,,,,
0,499,,,,,,,,,,,,,9.902076999424025e-05,9.902076999424025e-05,3.2009099868446356e-06,,,,,,,,,,,
0,549,,,,,,,,,,,,,9.881551522994414e-05,9.881551522994414e-05,3.1942749956215266e-06,,,,,,,,,,,
0,599,,,,,,,,,,,,,9.859100100584328e-05,9.859100100584328e-05,3.187017455275054e-06,,,,,,,,,,,
0,649,,,,,,,,,,,,,9.834732190938666e-05,9.834732190938666e-05,3.1791403216629988e-06,,,,,,,,,,,
0,658,,,,,,,,,,,,,,,,0.913294792175293,0.9652044773101807,0.5840408802032471,0.663305401802063,0.7353932857513428,0.9652044773101807,0.5840408802032471,0.663305401802063,0.7353932857513428,0.9404761791229248,0.8876404762268066
0,658,9.568474769592285,9.135811805725098,9.433706283569336,9.049221992492676,3.994250535964966,5.575465202331543,0.00877511128783226,0.026594411581754684,0.8183550238609314,2.5158257484436035,0.257374107837677,0.7748463749885559,,,,,,,,,,,,,,
1,699,,,,,,,,,,,,,9.808455797610804e-05,9.808455797610804e-05,3.170646323269466e-06,,,,,,,,,,,
1,749,,,,,,,,,,,,,9.780283289728686e-05,9.780283289728686e-05,3.161539325446938e-06,,,,,,,,,,,
1,799,,,,,,,,,,,,,9.75022412603721e-05,9.75022412603721e-05,3.1518225114268716e-06,,,,,,,,,,,
1,849,,,,,,,,,,,,,9.71829067566432e-05,9.71829067566432e-05,3.1414999739354244e-06,,,,,,,,,,,
1,899,,,,,,,,,,,,,9.684496035333723e-05,9.684496035333723e-05,3.130575578325079e-06,,,,,,,,,,,
1,949,,,,,,,,,,,,,9.648853301769122e-05,9.648853301769122e-05,3.1190536446956685e-06,,,,,,,,,,,
1,999,,,,,,,,,,,,,9.611376299289986e-05,9.611376299289986e-05,3.1069389478943776e-06,,,,,,,,,,,
1,1049,,,,,,,,,,,,,9.572079579811543e-05,9.572079579811543e-05,3.094236035394715e-06,,,,,,,,,,,
1,1099,,,,,,,,,,,,,9.530979150440544e-05,9.530979150440544e-05,3.080950136791216e-06,,,,,,,,,,,
1,1149,,,,,,,,,,,,,9.48809101828374e-05,9.48809101828374e-05,3.0670862543047406e-06,,,,,,,,,,,
1,1199,,,,,,,,,,,,,9.443432645639405e-05,9.443432645639405e-05,3.0526500722771743e-06,,,,,,,,,,,
1,1249,,,,,,,,,,,,,9.397020767210051e-05,9.397020767210051e-05,3.0376472750504036e-06,,,,,,,,,,,
1,1299,,,,,,,,,,,,,9.348873572889715e-05,9.348873572889715e-05,3.022083319592639e-06,,,,,,,,,,,
1,1317,,,,,,,,,,,,,,,,0.9283667802810669,0.967370867729187,0.6073341965675354,0.6856456995010376,0.7438202500343323,0.967370867729187,0.6073341965675354,0.6856456995010376,0.7438202500343323,0.9473684430122375,0.9101123809814453
1,1317,9.305292129516602,9.391692161560059,9.351289749145508,9.336589813232422,0.19697676599025726,4.408926486968994,0.006815572269260883,0.02057228796184063,0.613477349281311,1.8675817251205444,0.22220838069915771,0.6732562184333801,,,,,,,,,,,,,,
2,1349,,,,,,,,,,,,,9.299011435359716e-05,9.299011435359716e-05,3.0059650271141436e-06,,,,,,,,,,,
2,1399,,,,,,,,,,,,,9.24745254451409e-05,9.24745254451409e-05,2.9892983093304792e-06,,,,,,,,,,,
2,1449,,,,,,,,,,,,,9.194218000629917e-05,9.194218000629917e-05,2.972089987451909e-06,,,,,,,,,,,
2,1499,,,,,,,,,,,,,9.139328903984278e-05,9.139328903984278e-05,2.954346655315021e-06,,,,,,,,,,,
2,1549,,,,,,,,,,,,,9.082806354854256e-05,9.082806354854256e-05,2.9360755888774293e-06,,,,,,,,,,,
2,1599,,,,,,,,,,,,,9.024673636304215e-05,9.024673636304215e-05,2.917283609349397e-06,,,,,,,,,,,
2,1649,,,,,,,,,,,,,8.964951848611236e-05,8.964951848611236e-05,2.8979784474358894e-06,,,,,,,,,,,
2,1699,,,,,,,,,,,,,8.903666457626969e-05,8.903666457626969e-05,2.8781673790945206e-06,,,,,,,,,,,
2,1749,,,,,,,,,,,,,8.84084147401154e-05,8.84084147401154e-05,2.8578585897776065e-06,,,,,,,,,,,
2,1799,,,,,,,,,,,,,8.776500180829316e-05,8.776500180829316e-05,2.8370600375637878e-06,,,,,,,,,,,
2,1849,,,,,,,,,,,,,8.710669499123469e-05,8.710669499123469e-05,2.815779680531705e-06,,,,,,,,,,,
2,1899,,,,,,,,,,,,,8.643374167149886e-05,8.643374167149886e-05,2.7940261588810245e-06,,,,,,,,,,,
2,1949,,,,,,,,,,,,,8.574641833547503e-05,8.574641833547503e-05,2.7718081128114136e-06,,,,,,,,,,,
2,1976,,,,,,,,,,,,,,,,0.9137930870056152,0.9672985076904297,0.6206766366958618,0.7346861958503723,0.7466292381286621,0.9672985076904297,0.6206766366958618,0.7346861958503723,0.7466292381286621,0.9352940917015076,0.8932584524154663
2,1976,9.46623706817627,9.514321327209473,9.51488971710205,9.493266105651855,0.07587253302335739,4.153811454772949,0.006190502550452948,0.018712211400270462,0.5761143565177917,1.7561091184616089,0.21054038405418396,0.6379964351654053,,,,,,,,,,,,,,
3,1999,,,,,,,,,,,,,8.50449941935949e-05,8.50449941935949e-05,2.7491339551488636e-06,,,,,,,,,,,
3,2049,,,,,,,,,,,,,8.432973845629022e-05,8.432973845629022e-05,2.7260127808403922e-06,,,,,,,,,,,
3,2099,,,,,,,,,,,,,8.360093488590792e-05,8.360093488590792e-05,2.7024539122066926e-06,,,,,,,,,,,
3,2149,,,,,,,,,,,,,8.285888179671019e-05,8.285888179671019e-05,2.6784664441947825e-06,,,,,,,,,,,
3,2199,,,,,,,,,,,,,8.2103862951044e-05,8.2103862951044e-05,2.654060153872706e-06,,,,,,,,,,,
3,2249,,,,,,,,,,,,,8.13361766631715e-05,8.13361766631715e-05,2.6292441361874808e-06,,,,,,,,,,,
3,2299,,,,,,,,,,,,,8.055612852331251e-05,8.055612852331251e-05,2.6040283955808263e-06,,,,,,,,,,,
3,2349,,,,,,,,,,,,,7.976402412168682e-05,7.976402412168682e-05,2.5784231638681376e-06,,,,,,,,,,,
3,2399,,,,,,,,,,,,,7.896016904851422e-05,7.896016904851422e-05,2.5524382181174587e-06,,,,,,,,,,,
3,2449,,,,,,,,,,,,,7.814489799784496e-05,7.814489799784496e-05,2.52608401751786e-06,,,,,,,,,,,
3,2499,,,,,,,,,,,,,7.731851655989885e-05,7.731851655989885e-05,2.4993707938847365e-06,,,,,,,,,,,
3,2549,,,,,,,,,,,,,7.648135942872614e-05,7.648135942872614e-05,2.472309233780834e-06,,,,,,,,,,,
3,2599,,,,,,,,,,,,,7.563375402241945e-05,7.563375402241945e-05,2.4449097963952227e-06,,,,,,,,,,,
3,2635,,,,,,,,,,,,,,,,0.9173789024353027,0.964006245136261,0.627058207988739,0.7795740365982056,0.7606741786003113,0.964006245136261,0.627058207988739,0.7795740365982056,0.7606741786003113,0.9306358098983765,0.9044944047927856
3,2635,9.6337251663208,9.663125991821289,9.642735481262207,9.671661376953125,0.07587253302335739,4.038056373596191,0.005888307001441717,0.017855994403362274,0.5657902359962463,1.7194236516952515,0.20225068926811218,0.6148108243942261,,,,,,,,,,,,,,
4,2649,,,,,,,,,,,,,7.477604231098667e-05,7.477604231098667e-05,2.417183395664324e-06,,,,,,,,,,,
4,2699,,,,,,,,,,,,,7.39085444365628e-05,7.39085444365628e-05,2.389141172898235e-06,,,,,,,,,,,
4,2749,,,,,,,,,,,,,7.303161692107096e-05,7.303161692107096e-05,2.360794042033376e-06,,,,,,,,,,,
4,2799,,,,,,,,,,,,,7.2145601734519e-05,7.2145601734519e-05,2.3321529170061694e-06,,,,,,,,,,,
4,2849,,,,,,,,,,,,,7.125085539883003e-05,7.125085539883003e-05,2.3032296212477377e-06,,,,,,,,,,,
4,2899,,,,,,,,,,,,,7.03477198840119e-05,7.03477198840119e-05,2.274035068694502e-06,,,,,,,,,,,
4,2949,,,,,,,,,,,,,6.943655898794532e-05,6.943655898794532e-05,2.2445813101512613e-06,,,,,,,,,,,
4,2999,,,,,,,,,,,,,6.851772195659578e-05,6.851772195659578e-05,2.214879486928112e-06,,,,,,,,,,,
4,3049,,,,,,,,,,,,,6.759158713975921e-05,6.759158713975921e-05,2.184941422456177e-06,,,,,,,,,,,
4,3099,,,,,,,,,,,,,6.665851105935872e-05,6.665851105935872e-05,2.154779167540255e-06,,,,,,,,,,,
4,3149,,,,,,,,,,,,,6.5718857513275e-05,6.5718857513275e-05,2.1244043182377936e-06,,,,,,,,,,,
4,3199,,,,,,,,,,,,,6.4773004851304e-05,6.4773004851304e-05,2.0938289253535913e-06,,,,,,,,,,,
4,3249,,,,,,,,,,,,,6.382132414728403e-05,6.382132414728403e-05,2.063065267066122e-06,,,,,,,,,,,
4,3294,,,,,,,,,,,,,,,,0.9164420366287231,0.9596431851387024,0.623130738735199,0.7519090175628662,0.751685380935669,0.9596431851387024,0.623130738735199,0.7519090175628662,0.751685380935669,0.8808290362358093,0.9550561904907227
4,3294,9.749336242675781,9.760052680969238,9.761096000671387,9.743645668029785,0.07879070937633514,3.862250566482544,0.005579927936196327,0.01691112481057644,0.5387862920761108,1.6452298164367676,0.1938304901123047,0.5890617370605469,,,,,,,,,,,,,,
5,3299,,,,,,,,,,,,,6.286418647505343e-05,6.286418647505343e-05,2.0321253941801842e-06,,,,,,,,,,,
5,3349,,,,,,,,,,,,,6.190197746036574e-05,6.190197746036574e-05,2.001021130126901e-06,,,,,,,,,,,
5,3399,,,,,,,,,,,,,6.093507545301691e-05,6.093507545301691e-05,1.9697654352057725e-06,,,,,,,,,,,
5,3449,,,,,,,,,,,,,5.9963855164824054e-05,5.9963855164824054e-05,1.938370132847922e-06,,,,,,,,,,,
5,3499,,,,,,,,,,,,,5.8988702221540734e-05,5.8988702221540734e-05,1.9068477286054986e-06,,,,,,,,,,,
5,3549,,,,,,,,,,,,,5.801000588689931e-05,5.801000588689931e-05,1.8752107280306518e-06,,,,,,,,,,,
5,3599,,,,,,,,,,,,,5.702814814867452e-05,5.702814814867452e-05,1.8434715229886933e-06,,,,,,,,,,,
5,3649,,,,,,,,,,,,,5.6043518270598724e-05,5.6043518270598724e-05,1.8116427327186102e-06,,,,,,,,,,,
5,3699,,,,,,,,,,,,,5.505650187842548e-05,5.505650187842548e-05,1.7797368627725518e-06,,,,,,,,,,,
5,3749,,,,,,,,,,,,,5.4067495511844754e-05,5.4067495511844754e-05,1.7477664187026676e-06,,,,,,,,,,,
5,3799,,,,,,,,,,,,,5.307687752065249e-05,5.307687752065249e-05,1.7157441334347823e-06,,,,,,,,,,,
5,3849,,,,,,,,,,,,,5.208505172049627e-05,5.208505172049627e-05,1.6836827398947207e-06,,,,,,,,,,,
5,3899,,,,,,,,,,,,,5.1092400099150836e-05,5.1092400099150836e-05,1.6515946299477946e-06,,,,,,,,,,,
5,3949,,,,,,,,,,,,,5.009931555832736e-05,5.009931555832736e-05,1.6194925365198287e-06,,,,,,,,,,,
5,3953,,,,,,,,,,,,,,,,0.9164265394210815,0.9570714831352234,0.6199467182159424,0.7734261155128479,0.7522472143173218,0.9570714831352234,0.6199467182159424,0.7734261155128479,0.7522472143173218,0.9408283829689026,0.8932584524154663
5,3953,9.857170104980469,9.8873291015625,9.892545700073242,9.860489845275879,0.07587253302335739,3.696913003921509,0.005249934270977974,0.015859315171837807,0.5191904902458191,1.5805366039276123,0.1849820464849472,0.5608382225036621,,,,,,,,,,,,,,
6,3999,,,,,,,,,,,,,4.9106194637715816e-05,4.9106194637715816e-05,1.5873893062234856e-06,,,,,,,,,,,
6,4049,,,,,,,,,,,,,4.811342660104856e-05,4.811342660104856e-05,1.5552974446109147e-06,,,,,,,,,,,
6,4099,,,,,,,,,,,,,4.712140071205795e-05,4.712140071205795e-05,1.523229570921103e-06,,,,,,,,,,,
6,4149,,,,,,,,,,,,,4.613051351043396e-05,4.613051351043396e-05,1.4911984180798754e-06,,,,,,,,,,,
6,4199,,,,,,,,,,,,,4.514115062193014e-05,4.514115062193014e-05,1.4592167190130567e-06,,,,,,,,,,,
6,4249,,,,,,,,,,,,,4.4153704948257655e-05,4.4153704948257655e-05,1.4272968655859586e-06,,,,,,,,,,,
6,4299,,,,,,,,,,,,,4.3168569391127676e-05,4.3168569391127676e-05,1.3954517044112436e-06,,,,,,,,,,,
6,4349,,,,,,,,,,,,,4.2186125938314945e-05,4.2186125938314945e-05,1.3636935136673856e-06,,,,,,,,,,,
6,4399,,,,,,,,,,,,,4.120676385355182e-05,4.120676385355182e-05,1.3320351399670471e-06,,,,,,,,,,,
6,4449,,,,,,,,,,,,,4.023087240057066e-05,4.023087240057066e-05,1.3004887478018645e-06,,,,,,,,,,,
6,4499,,,,,,,,,,,,,3.925883720512502e-05,3.925883720512502e-05,1.2690670700976625e-06,,,,,,,,,,,
6,4549,,,,,,,,,,,,,3.829103661701083e-05,3.829103661701083e-05,1.237782385032915e-06,,,,,,,,,,,
6,4599,,,,,,,,,,,,,3.732785989996046e-05,3.732785989996046e-05,1.206646970786096e-06,,,,,,,,,,,
6,4612,,,,,,,,,,,,,,,,0.9101123809814453,0.9598053693771362,0.6373137831687927,0.7867596745491028,0.7533707618713379,0.9598053693771362,0.6373137831687927,0.7867596745491028,0.7533707618713379,0.9101123809814453,0.9101123809814453
6,4612,9.905348777770996,9.908478736877441,9.914073944091797,9.885811805725098,0.0,3.505162239074707,0.0049661495722830296,0.015056743286550045,0.49130240082740784,1.4967046976089478,0.1755196899175644,0.5329993963241577,,,,,,,,,,,,,,
7,4649,,,,,,,,,,,,,3.636967812781222e-05,3.636967812781222e-05,1.1756732192225172e-06,,,,,,,,,,,
7,4699,,,,,,,,,,,,,3.5416876926319674e-05,3.5416876926319674e-05,1.1448732948338147e-06,,,,,,,,,,,
7,4749,,,,,,,,,,,,,3.446982736932114e-05,3.446982736932114e-05,1.1142593621116248e-06,,,,,,,,,,,
7,4799,,,,,,,,,,,,,3.352890780661255e-05,3.352890780661255e-05,1.083843471860746e-06,,,,,,,,,,,
7,4849,,,,,,,,,,,,,3.259448567405343e-05,3.259448567405343e-05,1.0536376748859766e-06,,,,,,,,,,,
7,4899,,,,,,,,,,,,,3.16669320454821e-05,3.16669320454821e-05,1.0236537946184399e-06,,,,,,,,,,,
7,4949,,,,,,,,,,,,,3.074660708080046e-05,3.074660708080046e-05,9.939038818629342e-07,,,,,,,,,,,
7,4999,,,,,,,,,,,,,2.9833881853846833e-05,2.9833881853846833e-05,9.643994189900695e-07,,,,,,,,,,,
7,5049,,,,,,,,,,,,,2.8929112886544317e-05,2.8929112886544317e-05,9.3515217258755e-07,,,,,,,,,,,
7,5099,,,,,,,,,,,,,2.8032656700816005e-05,2.8032656700816005e-05,9.061736250259855e-07,,,,,,,,,,,
7,5149,,,,,,,,,,,,,2.714486799959559e-05,2.714486799959559e-05,8.77475258675986e-07,,,,,,,,,,,
7,5199,,,,,,,,,,,,,2.626609602884855e-05,2.626609602884855e-05,8.490684422213235e-07,,,,,,,,,,,
7,5249,,,,,,,,,,,,,2.5396688215550967e-05,2.5396688215550967e-05,8.20964260128676e-07,,,,,,,,,,,
7,5271,,,,,,,,,,,,,,,,0.9201101660728455,0.960165798664093,0.634110152721405,0.755233883857727,0.7488763928413391,0.960165798664093,0.634110152721405,0.755233883857727,0.7488763928413391,0.9027026891708374,0.9382022619247437
7,5271,9.936172485351562,9.933042526245117,9.947458267211914,9.920049667358398,0.07684525847434998,3.3820626735687256,0.004724214784801006,0.014405302703380585,0.47571220993995667,1.4545413255691528,0.16735701262950897,0.5107243061065674,,,,,,,,,,,,,,
8,5299,,,,,,,,,,,,,2.4536988348700106e-05,2.4536988348700106e-05,7.931738537081401e-07,,,,,,,,,,,
8,5349,,,,,,,,,,,,,2.3687332941335626e-05,2.3687332941335626e-05,7.657082505829749e-07,,,,,,,,,,,
8,5399,,,,,,,,,,,,,2.2848060325486585e-05,2.2848060325486585e-05,7.38578194159345e-07,,,,,,,,,,,
8,5449,,,,,,,,,,,,,2.2019499738235027e-05,2.2019499738235027e-05,7.117944278434152e-07,,,,,,,,,,,
8,5499,,,,,,,,,,,,,2.1201978597673588e-05,2.1201978597673588e-05,6.853675813545124e-07,,,,,,,,,,,
8,5549,,,,,,,,,,,,,2.0395818864926696e-05,2.0395818864926696e-05,6.593079433514504e-07,,,,,,,,,,,
8,5599,,,,,,,,,,,,,1.9601340682129376e-05,1.9601340682129376e-05,6.336259161798807e-07,,,,,,,,,,,
8,5649,,,,,,,,,,,,,1.8818855096469633e-05,1.8818855096469633e-05,6.083315611249418e-07,,,,,,,,,,,
8,5699,,,,,,,,,,,,,1.804867133614607e-05,1.804867133614607e-05,5.834348826283531e-07,,,,,,,,,,,
8,5749,,,,,,,,,,,,,1.7291094991378486e-05,1.7291094991378486e-05,5.589457146015775e-07,,,,,,,,,,,
8,5799,,,,,,,,,,,,,1.6546422557439655e-05,1.6546422557439655e-05,5.348737204258214e-07,,,,,,,,,,,
8,5849,,,,,,,,,,,,,1.5814948710612953e-05,1.5814948710612953e-05,5.112283929520345e-07,,,,,,,,,,,
8,5899,,,,,,,,,,,,,1.5096962670213543e-05,1.5096962670213543e-05,4.880189976574911e-07,,,,,,,,,,,
8,5930,,,,,,,,,,,,,,,,0.9230769276618958,0.9630265235900879,0.6263207793235779,0.7423391342163086,0.7488763928413391,0.9630265235900879,0.6263207793235779,0.7423391342163086,0.7488763928413391,0.9032257795333862,0.9438202381134033
8,5930,9.992602348327637,9.98112678527832,10.004173278808594,9.980083465576172,0.037936266511678696,3.246542453765869,0.004454219713807106,0.013494606129825115,0.46379920840263367,1.4109693765640259,0.1587492972612381,0.48226451873779297,,,,,,,,,,,,,,
9,5949,,,,,,,,,,,,,1.4392747289093677e-05,1.4392747289093677e-05,4.652548000194656e-07,,,,,,,,,,,
9,5999,,,,,,,,,,,,,1.3702580872632097e-05,1.3702580872632097e-05,4.429447244547191e-07,,,,,,,,,,,
9,6049,,,,,,,,,,,,,1.3026734450249933e-05,1.3026734450249933e-05,4.210975532714656e-07,,,,,,,,,,,
9,6099,,,,,,,,,,,,,1.2365476322884206e-05,1.2365476322884206e-05,3.9972195509108133e-07,,,,,,,,,,,
9,6149,,,,,,,,,,,,,1.1719065696524922e-05,1.1719065696524922e-05,3.7882634273955773e-07,,,,,,,,,,,
9,6199,,,,,,,,,,,,,1.1087759048677981e-05,1.1087759048677981e-05,3.584189300909202e-07,,,,,,,,,,,
9,6249,,,,,,,,,,,,,1.0471805580891669e-05,1.0471805580891669e-05,3.3850781733235635e-07,,,,,,,,,,,
9,6299,,,,,,,,,,,,,9.871446309261955e-06,9.871446309261955e-06,3.1910084885566903e-07,,,,,,,,,,,
9,6349,,,,,,,,,,,,,9.286920430895407e-06,9.286920430895407e-06,3.0020564167898556e-07,,,,,,,,,,,
9,6399,,,,,,,,,,,,,8.718456228962168e-06,8.718456228962168e-06,2.8182969913359557e-07,,,,,,,,,,,
9,6449,,,,,,,,,,,,,8.16628016764298e-06,8.16628016764298e-06,2.639802687554038e-07,,,,,,,,,,,
9,6499,,,,,,,,,,,,,7.630609616171569e-06,7.630609616171569e-06,2.4666434228493017e-07,,,,,,,,,,,
9,6549,,,,,,,,,,,,,7.111655122571392e-06,7.111655122571392e-06,2.2988881198671152e-07,,,,,,,,,,,
9,6589,,,,,,,,,,,,,,,,0.9277777671813965,0.9628481268882751,0.6314371228218079,0.7368870377540588,0.7550562024116516,0.9628481268882751,0.6314371228218079,0.7368870377540588,0.7550562024116516,0.9175823926925659,0.9382022619247437
9,6589,10.00986385345459,10.00625991821289,10.007302284240723,9.99715518951416,0.0,3.1143088340759277,0.0042534987442195415,0.01292220875620842,0.44248339533805847,1.3478279113769531,0.15334992110729218,0.4657075107097626,,,,,,,,,,,,,,
10,6599,,,,,,,,,,,,,6.60962132315035e-06,6.60962132315035e-06,2.1366025748648099e-07,,,,,,,,,,,
10,6649,,,,,,,,,,,,,6.12470739724813e-06,6.12470739724813e-06,1.9798510209056985e-07,,,,,,,,,,,
10,6699,,,,,,,,,,,,,,,,0.9277777671813965,0.9631894826889038,0.6289765238761902,0.7344478368759155,0.7505617737770081,0.9631894826889038,0.6289765238761902,0.7344478368759155,0.7505617737770081,0.9175823926925659,0.9382022619247437
10,6698,10.117009162902832,10.058218955993652,10.086187362670898,10.078766822814941,0.0,3.0590322017669678,0.004175868816673756,0.012732532806694508,0.4374316930770874,1.3344099521636963,0.1489890068769455,0.4523364305496216,,,,,,,,,,,,,,
